Station,Latitude,Longitude,Temperature,Humidity,Temperature Min,Temperature Max,Wind Speed,Cloudines,Timezone,Latitude Division
Port Alfred,-33.59,26.89,71.01,78,71.01,71.01,5.01,81,7200,Southern_Temperate
La Palma,5.36,-74.39,66.31,96,66.31,66.31,3.04,45,-18000,Tropic_Cancer
Hermanus,-34.42,19.24,77.0,50,77.0,77.0,8.01,0,7200,Southern_Temperate
Coquimbo,-29.95,-71.34,57.2,93,57.2,57.2,6.93,0,-10800,Southern_Temperate
Tuktoyaktuk,69.44,-133.03,-10.23,97,-10.23,-10.23,10.89,100,-25200,Arctic
Yellowknife,62.45,-114.38,-13.34,75,-14.01,-13.0,10.29,40,-25200,Northern Temperate
Tasiilaq,65.61,-37.64,19.4,48,19.4,19.4,10.29,100,-10800,Arctic
Jiwani,25.05,61.74,73.47,37,73.47,73.47,12.44,0,18000,Northern Temperate
Ushuaia,-54.81,-68.31,41.0,86,41.0,41.0,8.05,75,-10800,Southern_Temperate
Tiksi,71.64,128.87,-14.6,99,-14.6,-14.6,4.29,100,32400,Arctic
Souillac,45.6,-0.6,50.95,76,50.0,51.8,18.34,51,3600,Northern Temperate
Busselton,-33.64,115.35,79.86,26,75.99,84.0,19.8,91,28800,Southern_Temperate
Rikitea,-23.12,-134.97,73.63,88,73.63,73.63,12.41,100,-32400,Tropic_Capricorn
Flin Flon,54.77,-101.88,10.08,95,10.08,10.08,6.62,100,-21600,Northern Temperate
Nanortalik,60.14,-45.24,28.26,62,28.26,28.26,7.38,89,-10800,Northern Temperate
New Norfolk,-42.78,147.06,57.87,58,55.0,61.0,10.29,75,39600,Southern_Temperate
Sao Felix do Xingu,-6.64,-51.99,70.68,98,70.68,70.68,1.83,99,-10800,Tropic_Capricorn
Tamiahua,21.28,-97.45,61.23,92,61.23,61.23,19.64,100,-21600,Tropic_Cancer
Puerto Ayora,-0.74,-90.35,70.84,90,70.84,70.84,10.67,10,-21600,Tropic_Capricorn
Pudozh,61.81,36.54,31.48,95,31.48,31.48,5.12,100,10800,Northern Temperate
Banjar,-7.37,108.54,81.41,78,81.41,81.41,5.66,98,25200,Tropic_Capricorn
Ribeira Grande,38.52,-28.7,62.6,93,62.6,62.6,17.22,75,-3600,Northern Temperate
Marawi,8.0,124.29,82.99,80,82.99,82.99,1.01,93,28800,Tropic_Cancer
Quatre Cocos,-20.21,57.76,85.55,58,84.99,86.0,13.87,20,14400,Tropic_Capricorn
Sobolevo,54.43,31.9,40.8,95,40.8,40.8,13.89,100,10800,Northern Temperate
Alcanede,39.41,-8.82,58.89,93,57.0,61.0,11.41,75,0,Northern Temperate
Vaini,15.34,74.49,81.32,51,80.6,82.4,11.41,40,19800,Tropic_Cancer
Zverevo,48.02,40.12,35.6,64,35.6,35.6,15.66,85,10800,Northern Temperate
Carnarvon,-30.97,22.13,81.32,13,81.32,81.32,7.18,0,7200,Southern_Temperate
Punta Arenas,-53.16,-70.91,48.09,70,46.4,50.0,10.29,75,-10800,Southern_Temperate
Kapaa,22.08,-159.32,74.03,73,73.0,75.2,24.16,90,-36000,Tropic_Cancer
Qinhuangdao,39.94,119.59,27.45,93,27.45,27.45,1.61,85,28800,Northern Temperate
Atuona,-9.8,-139.03,79.88,73,79.88,79.88,13.38,100,-34200,Tropic_Capricorn
Avarua,-21.21,-159.78,73.4,100,73.4,73.4,6.93,100,-36000,Tropic_Capricorn
Port Moresby,-9.47,147.16,82.4,83,82.4,82.4,17.22,75,36000,Tropic_Capricorn
Comodoro Rivadavia,-45.87,-67.48,66.2,45,66.2,66.2,24.16,0,-10800,Southern_Temperate
Bredasdorp,-34.53,20.04,76.15,44,75.2,77.0,12.75,0,7200,Southern_Temperate
Kodiak,39.95,-94.76,33.37,93,30.99,35.6,10.29,1,-21600,Northern Temperate
Barrow,-38.31,-60.23,45.77,77,45.77,45.77,3.44,0,-10800,Southern_Temperate
Butaritari,3.07,172.79,83.23,74,83.23,83.23,4.03,100,43200,Tropic_Cancer
Ergani,38.27,39.76,41.92,100,37.4,46.4,1.12,90,10800,Northern Temperate
Codrington,-28.95,153.24,72.05,78,70.0,75.2,13.87,90,39600,Southern_Temperate
Bluff,-23.58,149.07,87.94,31,87.94,87.94,15.79,0,36000,Southern_Temperate
Utena,55.5,25.6,40.93,95,40.93,40.93,9.26,100,7200,Northern Temperate
Fortuna,40.6,-124.16,48.51,100,46.0,50.0,2.77,90,-28800,Northern Temperate
Mount Gambier,-37.83,140.78,66.2,55,66.2,66.2,12.75,0,37800,Southern_Temperate
Barao de Melgaco,-16.19,-55.97,77.0,88,77.0,77.0,2.24,100,-14400,Tropic_Capricorn
Saskylakh,71.97,114.09,-17.3,96,-17.3,-17.3,3.65,99,32400,Arctic
Albany,42.65,-73.75,10.58,78,3.0,19.0,3.13,20,-18000,Northern Temperate
Muisne,0.61,-80.02,74.53,89,74.53,74.53,9.57,100,-18000,Tropic_Cancer
Lavrentiya,65.58,-170.99,2.52,62,2.52,2.52,7.92,0,43200,Arctic
Bani Walid,31.76,14.0,70.7,30,70.7,70.7,16.71,19,7200,Northern Temperate
Norman Wells,65.28,-126.83,-38.2,65,-38.2,-38.2,4.0,5,-25200,Northern Temperate
Faanui,-16.48,-151.75,80.24,73,80.24,80.24,8.52,100,-36000,Tropic_Capricorn
Chau Doc,10.71,105.12,89.55,46,89.55,89.55,3.56,97,25200,Tropic_Cancer
Richards Bay,-28.77,32.06,74.71,74,74.71,74.71,26.66,100,7200,Southern_Temperate
Aklavik,68.22,-135.01,-25.6,67,-25.6,-25.6,3.36,40,-25200,Arctic
Jamestown,-33.21,138.6,77.94,24,77.94,77.94,9.15,100,37800,Southern_Temperate
Praia,-20.25,-43.81,68.0,88,68.0,68.0,1.9,77,-10800,Tropic_Capricorn
Margate,-43.03,147.26,57.76,58,55.0,60.01,10.29,75,39600,Southern_Temperate
Santa Rosa,-36.62,-64.29,57.61,48,57.61,57.61,7.4,0,-10800,Southern_Temperate
Camacha,33.08,-16.33,63.36,93,62.6,64.4,3.36,20,0,Northern Temperate
Kavieng,-2.57,150.8,84.61,73,84.61,84.61,9.48,100,36000,Tropic_Capricorn
Dzhebariki-Khaya,62.22,135.8,-41.24,96,-41.24,-41.24,1.21,100,32400,Northern Temperate
Chipinge,-20.19,32.62,89.02,28,89.02,89.02,4.92,40,7200,Tropic_Capricorn
Hithadhoo,-0.6,73.08,83.75,73,83.75,83.75,8.23,26,18000,Tropic_Capricorn
Severo-Kurilsk,50.68,156.12,13.51,83,13.51,13.51,14.7,95,39600,Northern Temperate
Padang,-0.92,100.36,70.72,98,70.72,70.72,1.48,100,25200,Tropic_Capricorn
Nishihara,35.74,139.53,45.21,87,42.01,48.99,18.34,75,32400,Northern Temperate
Mahebourg,-20.41,57.7,85.48,58,84.99,86.0,13.87,20,14400,Tropic_Capricorn
Marzuq,14.4,46.47,68.4,29,68.4,68.4,10.76,19,10800,Tropic_Cancer
Iqaluit,63.75,-68.52,-6.34,76,-7.01,-5.8,4.7,20,-18000,Northern Temperate
Port Blair,11.67,92.75,80.83,81,80.83,80.83,13.96,0,19800,Tropic_Cancer
Hobyo,5.35,48.53,83.8,55,83.8,83.8,19.71,65,10800,Tropic_Cancer
Sao Filipe,14.9,-24.5,72.07,67,72.07,72.07,17.36,29,-3600,Tropic_Cancer
Hobart,-42.88,147.33,57.76,58,55.0,60.01,10.29,75,39600,Southern_Temperate
Mataura,-46.19,168.86,54.0,77,54.0,54.0,18.01,35,46800,Southern_Temperate
Te Anau,-45.41,167.72,47.71,71,47.71,47.71,8.32,54,46800,Southern_Temperate
Milos,36.75,24.43,64.4,68,64.4,64.4,18.34,60,7200,Northern Temperate
Praia da Vitoria,38.73,-27.07,62.31,87,60.8,64.0,22.66,20,-3600,Northern Temperate
Smithers,54.78,-127.17,12.2,85,12.2,12.2,2.24,75,-28800,Northern Temperate
Caborca,30.58,-111.1,41.29,77,37.99,44.01,1.01,100,-25200,Northern Temperate
Antigonish,45.62,-61.99,28.42,74,25.0,30.0,6.93,90,-14400,Northern Temperate
Cidreira,-30.17,-50.22,67.53,74,67.53,67.53,20.76,2,-10800,Southern_Temperate
Qasigiannguit,68.82,-51.19,12.2,66,12.2,12.2,6.93,100,-10800,Arctic
Babstovo,48.12,132.48,-5.67,89,-5.67,-5.67,3.96,0,36000,Northern Temperate
Kamenka,48.03,28.7,45.0,92,45.0,45.0,1.99,100,7200,Northern Temperate
Khatanga,71.98,102.47,-18.62,88,-18.62,-18.62,7.25,0,25200,Arctic
Adre,13.47,22.2,78.84,16,78.84,78.84,13.22,0,3600,Tropic_Cancer
Mackenzie,55.34,-123.09,24.8,92,24.8,24.8,6.93,90,-28800,Northern Temperate
Carauari,-4.88,-66.9,73.6,99,73.6,73.6,0.94,100,-14400,Tropic_Capricorn
Muravlenko,63.79,74.5,-4.77,100,-4.77,-4.77,3.18,53,18000,Northern Temperate
Saint-Philippe,45.36,-73.48,16.86,85,12.0,26.01,5.82,90,-18000,Northern Temperate
Castro,-42.48,-73.76,53.6,93,53.6,53.6,8.05,63,-10800,Southern_Temperate
Thinadhoo,0.53,72.93,82.65,78,82.65,82.65,12.57,82,18000,Tropic_Cancer
Dalvik,57.79,14.13,39.72,100,39.2,39.99,3.36,100,3600,Northern Temperate
Seoul,37.57,126.98,42.42,65,39.2,46.4,4.7,0,32400,Northern Temperate
Nizwa,22.93,57.53,65.3,33,65.3,65.3,2.73,0,14400,Tropic_Cancer
Ishigaki,24.34,124.16,71.6,88,71.6,71.6,9.17,75,32400,Northern Temperate
Cherskiy,68.75,161.3,-27.8,82,-27.8,-27.8,10.09,0,39600,Arctic
Lamar,38.09,-102.62,19.4,73,19.4,19.4,9.17,1,-25200,Northern Temperate
Upernavik,72.79,-56.15,-1.16,72,-1.16,-1.16,8.19,0,-10800,Arctic
Bethel,60.79,-161.76,2.75,84,1.4,5.0,5.82,1,-32400,Northern Temperate
Jalu,29.03,21.55,64.62,26,64.62,64.62,12.55,21,7200,Northern Temperate
Moose Factory,51.26,-80.61,28.4,86,28.4,28.4,16.11,90,-18000,Northern Temperate
Bilma,18.69,12.92,70.11,11,70.11,70.11,8.37,0,3600,Tropic_Cancer
Pevek,69.7,170.27,-14.57,99,-14.57,-14.57,2.08,100,43200,Arctic
Ostrovnoy,68.05,39.51,25.23,93,25.23,25.23,7.65,99,10800,Arctic
Hilo,19.71,-155.08,63.46,83,48.0,71.6,10.29,90,-36000,Tropic_Cancer
Katherine,-14.47,132.26,96.8,32,96.8,96.8,6.93,40,34200,Tropic_Capricorn
Talnakh,69.49,88.39,1.4,77,1.4,1.4,22.37,75,25200,Arctic
Attert,49.75,5.79,45.16,93,44.01,46.99,10.29,75,3600,Northern Temperate
Goure,13.98,10.27,77.0,17,77.0,77.0,10.0,0,3600,Tropic_Cancer
Yatou,3.63,9.81,88.7,62,88.7,88.7,1.19,97,3600,Tropic_Cancer
Novobelokatay,55.7,58.96,2.5,95,2.5,2.5,4.7,100,18000,Northern Temperate
Swan River,52.11,-101.27,17.47,97,17.47,17.47,3.65,100,-21600,Northern Temperate
Bambous Virieux,-20.34,57.76,86.09,58,84.99,87.8,14.99,75,14400,Tropic_Capricorn
Pires do Rio,-17.3,-48.28,66.81,94,66.81,66.81,0.89,66,-10800,Tropic_Capricorn
Nikolskoye,59.7,30.79,38.37,93,37.99,39.2,6.71,90,10800,Northern Temperate
Port Elizabeth,39.31,-74.98,21.87,85,17.6,26.6,2.51,1,-18000,Northern Temperate
Victoria,5.28,115.24,86.0,70,86.0,86.0,6.93,75,28800,Tropic_Cancer
Ilulissat,69.22,-51.1,12.2,66,12.2,12.2,6.93,100,-10800,Arctic
Vuktyl,63.86,57.31,7.95,91,7.95,7.95,13.2,100,10800,Northern Temperate
Olinda,-37.84,145.39,62.26,59,57.99,66.99,16.11,0,39600,Southern_Temperate
Bathsheba,13.22,-59.52,80.6,69,80.6,80.6,21.92,40,-14400,Tropic_Cancer
Tikhvin,59.64,33.53,35.01,94,35.01,35.01,4.99,100,10800,Northern Temperate
Itaituba,-4.26,-55.99,71.96,96,71.96,71.96,1.39,100,-10800,Tropic_Capricorn
Ludvika,60.15,15.18,34.16,100,33.8,35.01,6.93,100,3600,Northern Temperate
Anadyr,64.73,177.51,-6.45,76,-7.6,-5.01,11.18,100,43200,Northern Temperate
Cape Town,-33.93,18.42,73.26,37,71.01,77.0,5.82,0,7200,Southern_Temperate
Cap Malheureux,-19.98,57.61,86.32,58,84.99,87.8,14.99,75,14400,Tropic_Capricorn
Bandarbeyla,9.49,50.81,78.13,68,78.13,78.13,25.32,61,10800,Tropic_Cancer
Bela,26.23,66.31,76.86,11,76.86,76.86,1.23,0,18000,Northern Temperate
Zelenoborskiy,66.84,32.36,21.76,92,21.76,21.76,5.53,98,10800,Arctic
Gubkinskiy,64.43,76.5,-6.11,100,-6.11,-6.11,2.95,81,18000,Northern Temperate
Dingle,11.0,122.67,77.74,87,77.74,77.74,8.37,62,28800,Tropic_Cancer
Wanaka,-44.7,169.14,41.63,96,41.63,41.63,6.46,1,46800,Southern_Temperate
Sibolga,1.74,98.78,76.75,94,76.75,76.75,2.24,100,25200,Tropic_Cancer
Guerrero Negro,27.97,-114.04,59.83,33,59.83,59.83,3.74,100,-25200,Northern Temperate
Guanica,17.97,-66.91,71.44,92,64.99,75.0,5.7,0,-14400,Tropic_Cancer
Dakar,14.69,-17.45,71.53,18,69.8,73.4,11.41,0,0,Tropic_Cancer
Chapada dos Guimaraes,-15.46,-55.75,77.0,88,77.0,77.0,2.24,100,-14400,Tropic_Capricorn
Leningradskiy,69.38,178.42,-0.78,94,-0.78,-0.78,14.83,100,43200,Arctic
Provideniya,64.42,-173.23,3.6,68,3.6,3.6,3.02,0,43200,Northern Temperate
Alice Springs,-23.7,133.88,105.8,9,105.8,105.8,16.11,0,34200,Southern_Temperate
Vanimo,-2.67,141.3,83.52,79,83.52,83.52,8.66,80,36000,Tropic_Capricorn
Kaitangata,-46.28,169.85,55.0,69,55.0,55.0,4.0,31,46800,Southern_Temperate
Santa Fe,-31.62,-60.7,61.0,76,61.0,61.0,1.99,0,-10800,Southern_Temperate
Salvador,-12.98,-38.48,78.8,83,78.8,78.8,3.36,40,-10800,Tropic_Capricorn
East London,-33.02,27.91,71.6,68,71.6,71.6,9.17,20,7200,Southern_Temperate
Dikson,73.51,80.55,1.65,94,1.65,1.65,9.8,100,25200,Arctic
Patacamaya,-17.23,-67.92,43.74,90,43.74,43.74,3.51,100,-14400,Tropic_Capricorn
Yulara,-25.24,130.99,109.4,7,109.4,109.4,12.75,37,34200,Southern_Temperate
Valparaiso,41.47,-87.06,31.53,86,28.99,34.0,5.82,1,-21600,Northern Temperate
Tari,12.41,4.49,78.85,13,78.85,78.85,16.84,0,3600,Tropic_Cancer
Qaanaaq,77.48,-69.36,-9.76,75,-9.76,-9.76,2.35,23,-14400,Arctic
Sinegorye,62.09,150.53,-33.05,97,-33.05,-33.05,0.87,57,39600,Northern Temperate
Hofn,64.25,-15.21,40.87,70,40.87,40.87,38.43,100,0,Northern Temperate
Kalangala,-0.32,32.29,78.8,65,78.8,78.8,6.93,20,10800,Tropic_Capricorn
Westport,41.14,-73.36,24.03,79,15.8,33.01,3.36,1,-18000,Northern Temperate
Agdam,39.99,46.93,47.48,69,47.48,47.48,3.78,100,14400,Northern Temperate
Birjand,32.86,59.22,55.4,20,55.4,55.4,0.83,0,12600,Northern Temperate
Georgetown,6.8,-58.16,73.4,100,73.4,73.4,4.7,20,-14400,Tropic_Cancer
Geraldton,49.72,-86.95,24.8,92,24.8,24.8,6.93,90,-18000,Northern Temperate
Grindavik,63.84,-22.43,33.8,74,33.8,33.8,26.4,75,0,Northern Temperate
Semporna,4.48,118.61,80.6,94,80.6,80.6,5.91,75,28800,Tropic_Cancer
Simao,22.76,100.79,68.7,42,68.7,68.7,6.33,0,28800,Tropic_Cancer
Esperance,-33.86,121.89,69.8,83,69.8,69.8,9.17,75,28800,Southern_Temperate
Daru,-9.07,143.21,79.72,79,79.72,79.72,5.64,0,36000,Tropic_Capricorn
Ahipara,-35.17,173.16,57.99,91,57.99,57.99,1.01,100,46800,Southern_Temperate
Abu Dhabi,24.47,54.37,76.14,33,75.2,77.0,8.05,0,14400,Northern Temperate
Narsaq,60.91,-46.05,35.6,31,35.6,35.6,17.22,40,-10800,Northern Temperate
Karratha,-20.74,116.85,84.06,79,84.06,84.06,18.9,84,28800,Tropic_Capricorn
Chapleau,47.85,-83.4,31.75,92,31.75,31.75,10.16,74,-18000,Northern Temperate
Tabas,33.6,56.92,55.4,32,55.4,55.4,2.24,0,12600,Northern Temperate
Araouane,18.9,-3.53,68.18,17,68.18,68.18,14.76,0,0,Tropic_Cancer
Kaniama,-7.57,24.18,74.52,91,74.52,74.52,4.52,45,7200,Tropic_Capricorn
Tura,64.27,100.22,-18.27,97,-18.27,-18.27,2.26,95,25200,Northern Temperate
Gympie,-26.2,152.66,73.0,79,71.01,75.0,5.55,0,36000,Southern_Temperate
Luderitz,-26.65,15.16,80.6,39,80.6,80.6,17.22,0,7200,Southern_Temperate
Fort Nelson,58.81,-122.69,-11.2,83,-11.2,-11.2,3.36,90,-25200,Northern Temperate
Harper,30.3,-99.24,30.72,85,24.8,39.99,1.28,1,-21600,Northern Temperate
Lebu,8.96,38.73,68.0,45,68.0,68.0,10.29,40,10800,Tropic_Cancer
Avera,33.19,-82.53,46.15,45,44.01,48.2,9.17,90,-18000,Northern Temperate
Pangnirtung,66.15,-65.72,-8.34,74,-8.34,-8.34,1.23,0,-18000,Arctic
Banda Aceh,5.56,95.32,83.93,57,83.93,83.93,7.92,100,25200,Tropic_Cancer
Bontang,0.12,117.47,81.99,77,81.99,81.99,3.69,95,28800,Tropic_Cancer
Ninghai,29.29,121.42,52.77,87,48.99,55.99,8.95,75,28800,Northern Temperate
Nadym,65.53,72.51,-7.02,97,-7.02,-7.02,7.31,62,18000,Arctic
Oranjemund,-28.55,16.43,77.27,38,77.27,77.27,12.66,0,7200,Southern_Temperate
Nargana,9.44,-78.59,81.73,79,81.73,81.73,15.88,88,-18000,Tropic_Cancer
Kruisfontein,-34.0,24.73,77.11,37,77.11,77.11,12.24,0,7200,Southern_Temperate
Road Town,18.42,-64.62,77.18,78,75.99,78.01,10.29,1,-14400,Tropic_Cancer
Ponta Delgada,37.73,-25.67,62.6,93,62.6,62.6,13.87,75,-3600,Northern Temperate
Lagoa,37.14,-8.45,55.9,100,53.6,57.99,5.82,75,0,Northern Temperate
Mpongwe,-13.51,28.16,77.38,68,77.38,77.38,7.99,0,7200,Tropic_Capricorn
Sorong,-0.86,131.25,80.1,83,80.1,80.1,2.57,71,32400,Tropic_Capricorn
Cayenne,4.94,-52.33,77.0,94,77.0,77.0,8.05,50,-10800,Tropic_Cancer
Russell,38.9,-98.86,30.36,68,28.99,32.0,12.75,1,-21600,Northern Temperate
Nome,30.04,-94.42,44.76,87,41.0,48.2,6.93,40,-21600,Northern Temperate
Iskateley,67.68,53.15,17.19,94,17.19,17.19,15.82,100,10800,Arctic
Mar del Plata,-46.43,-67.52,61.83,48,61.83,61.83,27.65,0,-10800,Southern_Temperate
Laguna,16.17,-88.94,71.6,88,71.6,71.6,4.7,90,-21600,Tropic_Cancer
Thompson,55.74,-97.86,8.6,84,8.6,8.6,5.82,90,-21600,Northern Temperate
Mareeba,-16.99,145.42,80.51,65,78.01,82.4,5.82,40,36000,Tropic_Capricorn
Garissa,-0.46,39.64,83.07,64,83.07,83.07,7.45,99,10800,Tropic_Capricorn
Chicama,-7.84,-79.15,68.0,88,68.0,68.0,4.7,75,-18000,Tropic_Capricorn
Alofi,-19.06,-169.92,77.0,94,77.0,77.0,4.7,17,-39600,Tropic_Capricorn
Mount Isa,-20.73,139.49,102.2,10,102.2,102.2,12.75,3,36000,Tropic_Capricorn
Takoradi,4.89,-1.75,84.4,70,84.4,84.4,2.62,10,0,Tropic_Cancer
Hami,42.84,93.51,28.09,48,28.09,28.09,5.44,2,28800,Northern Temperate
Lompoc,34.64,-120.46,54.45,54,43.0,59.0,10.29,1,-28800,Northern Temperate
Dom Pedrito,-30.98,-54.67,52.11,93,52.11,52.11,6.31,0,-10800,Southern_Temperate
Paris,48.86,2.35,48.07,87,46.99,48.99,17.22,90,3600,Northern Temperate
Sangar,63.92,127.47,-33.5,96,-33.5,-33.5,3.67,100,32400,Northern Temperate
Labuhan,-2.54,115.51,80.08,92,80.08,80.08,1.16,100,28800,Tropic_Capricorn
Sitka,37.17,-99.65,28.0,66,28.0,28.0,6.31,0,-21600,Northern Temperate
Kahului,20.89,-156.47,68.56,78,64.99,71.6,18.34,75,-36000,Tropic_Cancer
Machilipatnam,16.18,81.14,86.0,51,86.0,86.0,6.93,40,19800,Tropic_Cancer
Yerbogachen,61.28,108.01,-25.35,98,-25.35,-25.35,3.4,100,28800,Northern Temperate
Vestmannaeyjar,63.44,-20.27,37.35,65,37.35,37.35,30.76,100,0,Northern Temperate
Flinders,-34.58,150.85,63.66,67,62.01,64.99,8.05,75,39600,Southern_Temperate
Rio Grande,-32.03,-52.1,60.01,84,60.01,60.01,4.0,10,-10800,Southern_Temperate
Gornopravdinsk,60.06,69.92,3.15,96,3.15,3.15,4.59,15,18000,Northern Temperate
Puerto Escondido,15.86,-97.07,68.16,67,68.16,68.16,4.99,36,-21600,Tropic_Cancer
Nalut,31.86,10.98,62.49,32,62.49,62.49,19.44,15,7200,Northern Temperate
Marsh Harbour,26.54,-77.06,72.64,74,72.64,72.64,16.55,100,-18000,Northern Temperate
Riverton,43.02,-108.38,10.74,85,3.0,19.4,3.36,1,-25200,Northern Temperate
Urozhaynoye,47.7,142.03,14.45,61,14.45,14.45,10.6,14,39600,Northern Temperate
Vostok,46.45,135.83,-9.38,95,-9.38,-9.38,4.32,0,36000,Northern Temperate
Cabo San Lucas,22.89,-109.91,59.43,77,51.01,69.01,1.68,0,-25200,Tropic_Cancer
Palmerston North,-40.35,175.62,59.04,81,57.99,60.01,0.74,100,46800,Southern_Temperate
Bouafle,48.96,1.9,48.07,81,46.99,48.99,18.34,100,3600,Northern Temperate
Spirit River,55.78,-118.84,-1.68,84,-2.2,-0.99,2.24,5,-25200,Northern Temperate
Ojinaga,29.56,-104.41,31.57,47,28.99,35.6,3.36,1,-25200,Northern Temperate
Vallenar,-28.58,-70.76,54.72,87,54.72,54.72,3.04,0,-10800,Southern_Temperate
La Rioja,-29.41,-66.86,56.68,57,56.68,56.68,2.64,29,-10800,Southern_Temperate
Faya,18.39,42.45,66.49,30,64.4,69.8,4.7,0,10800,Tropic_Cancer
Arraial do Cabo,-22.97,-42.02,75.87,83,75.2,77.0,11.41,95,-10800,Tropic_Capricorn
Springfield,42.1,-72.59,19.4,85,10.99,27.0,5.32,1,-18000,Northern Temperate
Uva,56.98,52.19,19.99,88,19.99,19.99,4.0,93,14400,Northern Temperate
Ordynskoye,54.37,81.9,25.21,93,25.21,25.21,10.07,100,25200,Northern Temperate
Atar,20.52,-13.05,67.1,17,67.1,67.1,16.75,54,0,Tropic_Cancer
Ixtapa,20.71,-105.21,70.18,60,69.01,71.6,9.17,5,-21600,Tropic_Cancer
Atbasar,51.81,68.36,9.09,91,9.09,9.09,13.89,99,21600,Northern Temperate
Kungurtug,50.6,97.53,1.83,89,1.83,1.83,1.07,100,25200,Northern Temperate
Myaundzha,63.05,147.18,-24.83,97,-24.83,-24.83,2.98,100,39600,Northern Temperate
Ayamonte,37.21,-7.4,54.27,100,53.01,55.99,5.82,75,3600,Northern Temperate
Rafraf,37.19,10.18,62.08,55,59.0,66.2,26.4,20,3600,Northern Temperate
Uppsala,59.86,17.64,39.83,100,37.4,42.01,5.82,100,3600,Northern Temperate
Hata,26.74,83.74,72.32,45,72.32,72.32,8.28,7,19800,Northern Temperate
Storforshei,66.4,14.52,24.44,89,24.44,24.44,5.26,92,3600,Arctic
Morondava,-20.3,44.28,100.94,30,100.94,100.94,3.36,100,10800,Tropic_Capricorn
Hambantota,6.12,81.12,82.22,80,82.22,82.22,16.24,100,19800,Tropic_Cancer
Goderich,43.74,-81.71,32.11,83,26.01,36.0,9.57,53,-18000,Northern Temperate
Palestine,31.76,-95.63,41.79,87,39.0,45.0,3.36,90,-21600,Northern Temperate
Lorengau,-2.02,147.27,84.88,68,84.88,84.88,4.32,100,36000,Tropic_Capricorn
Egvekinot,66.32,-179.17,-9.92,61,-9.92,-9.92,7.63,0,43200,Arctic
Anaconda,46.13,-112.94,34.59,47,34.0,35.6,9.78,1,-25200,Northern Temperate
Springbok,-29.67,17.88,84.2,16,84.2,84.2,5.82,0,7200,Southern_Temperate
Krasnyy Chikoy,50.36,108.75,1.13,97,1.13,1.13,0.58,100,32400,Northern Temperate
Milkovo,41.53,24.68,53.42,93,42.8,60.01,7.67,40,7200,Northern Temperate
Minsk,53.9,27.56,41.0,100,41.0,41.0,6.71,90,10800,Northern Temperate
Ancud,-41.87,-73.83,53.6,93,53.6,53.6,8.05,89,-10800,Southern_Temperate
Macomb,40.46,-90.67,34.34,80,32.0,37.4,7.02,1,-21600,Northern Temperate
Maumere,-8.63,122.22,83.05,70,83.05,83.05,5.37,25,28800,Tropic_Capricorn
Santiago del Estero,-27.8,-64.26,59.05,63,59.05,59.05,2.66,15,-10800,Southern_Temperate
College,64.86,-147.8,-28.26,92,-36.4,-22.0,1.5,20,-32400,Northern Temperate
Baghdad,33.3,44.38,66.2,42,66.2,66.2,3.36,0,10800,Northern Temperate
Alta Floresta,-9.87,-56.08,69.85,98,69.85,69.85,3.76,56,-14400,Tropic_Capricorn
Gafanha da Nazare,40.64,-8.71,58.14,93,55.0,61.0,12.75,90,0,Northern Temperate
Auch,43.65,0.59,50.7,76,48.0,53.01,13.87,75,3600,Northern Temperate
Sonqor,34.78,47.6,50.0,46,50.0,50.0,4.23,33,12600,Northern Temperate
Blythe,33.61,-114.59,47.52,43,46.0,50.0,3.36,1,-28800,Northern Temperate
Bud,62.91,6.91,33.64,74,27.0,37.4,5.82,91,3600,Northern Temperate
Port Lincoln,-34.72,135.86,68.41,48,68.41,68.41,4.32,100,37800,Southern_Temperate
Sorland,67.67,12.69,40.69,73,40.69,40.69,10.04,100,3600,Arctic
Divnogorsk,55.96,92.38,1.4,77,1.4,1.4,4.47,100,25200,Northern Temperate
Pavlodar,52.28,76.96,17.6,85,17.6,17.6,15.66,75,21600,Northern Temperate
Aksarka,66.56,67.8,-9.99,99,-9.99,-9.99,9.55,69,18000,Arctic
Cabedelo,-6.97,-34.84,75.2,88,75.2,75.2,3.36,20,-10800,Tropic_Capricorn
Ejido,8.55,-71.24,47.5,97,47.5,47.5,4.54,99,-14400,Tropic_Cancer
Roald,62.58,6.12,34.56,80,27.0,37.99,6.93,0,3600,Northern Temperate
San Juan,-31.54,-68.53,74.61,30,74.61,74.61,10.45,45,-10800,Southern_Temperate
Torbay,47.66,-52.73,25.41,85,23.0,27.0,9.17,90,-12600,Northern Temperate
Rawson,-43.3,-65.11,65.28,52,65.28,65.28,12.26,0,-10800,Southern_Temperate
Chapais,49.78,-74.86,12.2,92,12.2,12.2,12.75,90,-18000,Northern Temperate
Marsa Matruh,31.35,27.25,60.8,72,60.8,60.8,11.41,0,7200,Northern Temperate
Chuy,-33.69,-53.46,60.53,77,60.53,60.53,16.73,67,-10800,Southern_Temperate
Arman,59.7,150.17,3.45,98,3.45,3.45,12.01,100,39600,Northern Temperate
Kikwit,-5.04,18.82,76.01,75,76.01,76.01,3.76,100,3600,Tropic_Capricorn
Namibe,-15.19,12.15,73.42,76,73.42,73.42,2.91,0,3600,Tropic_Capricorn
Jonava,55.07,24.28,42.28,93,42.01,42.8,8.05,90,7200,Northern Temperate
Lisakovsk,52.55,62.49,6.67,92,6.67,6.67,11.41,100,21600,Northern Temperate
Houma,35.63,111.36,45.01,40,45.01,45.01,3.11,0,28800,Northern Temperate
Chipata,-13.64,32.65,82.09,58,82.09,82.09,5.99,40,7200,Tropic_Capricorn
Sabha,27.03,14.43,65.07,16,65.07,65.07,8.57,0,7200,Northern Temperate
Kayerkan,69.35,87.76,1.4,77,1.4,1.4,22.37,75,25200,Arctic
Pisco,-13.71,-76.2,67.5,82,66.99,68.0,6.93,93,-18000,Tropic_Capricorn
Naryan-Mar,67.67,53.09,17.19,94,17.19,17.19,15.82,100,10800,Arctic
Hollola,60.99,25.5,36.01,99,34.0,37.99,1.01,100,7200,Northern Temperate
Capao da Canoa,-29.75,-50.01,67.53,74,67.53,67.53,20.76,2,-10800,Southern_Temperate
Clyde River,70.47,-68.59,-0.4,84,-0.4,-0.4,6.93,75,-18000,Arctic
Saint-Augustin,45.63,-73.98,14.97,85,12.0,23.0,3.36,90,-18000,Northern Temperate
Salinopolis,-0.61,-47.36,82.89,79,82.89,82.89,21.63,96,-10800,Tropic_Capricorn
Stephenville,48.55,-58.59,23.29,62,21.99,24.8,5.82,75,-12600,Northern Temperate
Salinas,36.67,-121.66,51.46,70,45.0,57.2,14.36,1,-28800,Northern Temperate
Oksfjord,70.24,22.35,18.82,85,14.0,28.4,10.29,75,3600,Arctic
Chokurdakh,70.62,147.9,-12.03,98,-12.03,-12.03,8.84,99,39600,Arctic
Mackay,53.65,-115.58,12.2,100,12.2,12.2,5.82,1,-25200,Northern Temperate
Tingo Maria,-9.29,-76.01,58.64,94,58.64,58.64,2.3,76,-18000,Tropic_Capricorn
Paita,-5.09,-81.11,68.81,84,68.81,68.81,5.37,90,-18000,Tropic_Capricorn
Lasa,34.92,32.53,65.16,59,64.4,66.2,4.7,20,7200,Northern Temperate
Parati,-20.51,-54.63,69.8,100,69.8,69.8,3.36,75,-14400,Tropic_Capricorn
Bambanglipuro,-7.95,110.28,83.08,73,83.08,83.08,9.31,99,25200,Tropic_Capricorn
Manono,-7.3,27.4,81.0,67,81.0,81.0,4.83,58,7200,Tropic_Capricorn
Tilichiki,60.47,166.1,-4.63,99,-4.63,-4.63,10.78,100,43200,Northern Temperate
Longyearbyen,78.22,15.63,19.4,67,19.4,19.4,18.34,20,3600,Arctic
Fairbanks,64.84,-147.72,-30.05,91,-36.4,-22.0,1.36,20,-32400,Northern Temperate
Saldanha,41.42,-6.55,49.1,93,49.1,49.1,21.05,82,0,Northern Temperate
Saint George,39.45,22.34,61.84,82,59.0,64.4,5.82,75,7200,Northern Temperate
Ust-Kuyga,70.0,135.55,-24.11,100,-24.11,-24.11,2.46,100,36000,Arctic
Half Moon Bay,37.46,-122.43,51.06,71,44.01,57.0,16.11,75,-28800,Northern Temperate
Blackwater,51.33,-0.78,44.47,87,42.01,46.4,11.41,40,0,Northern Temperate
Srednekolymsk,67.46,153.71,-16.76,97,-16.76,-16.76,1.95,96,39600,Arctic
Petatlan,17.52,-101.27,78.22,70,78.22,78.22,6.11,57,-21600,Tropic_Cancer
Litovko,49.24,135.18,-10.16,91,-10.16,-10.16,7.72,0,36000,Northern Temperate
Gat,14.69,-16.54,67.51,18,62.6,73.4,11.41,0,0,Tropic_Cancer
Conakry,9.52,-13.7,80.6,78,80.6,80.6,2.24,0,0,Tropic_Cancer
Konstantinovka,46.85,29.85,53.58,73,53.58,53.58,17.22,89,7200,Northern Temperate
San Vicente,-0.59,-80.41,73.92,86,73.92,73.92,12.66,100,-18000,Tropic_Capricorn
Amurzet,47.69,131.09,-3.01,90,-3.01,-3.01,5.01,0,36000,Northern Temperate
Beringovskiy,63.05,179.32,22.05,69,22.05,22.05,13.31,100,43200,Northern Temperate
Motygino,58.18,94.69,-11.0,94,-11.0,-11.0,5.1,100,25200,Northern Temperate
Kaeo,-35.1,173.78,58.51,91,57.99,59.0,1.01,0,46800,Southern_Temperate
Dwarka,28.58,77.04,58.51,87,55.4,61.0,9.17,40,19800,Northern Temperate
Sikeston,36.88,-89.59,42.03,80,39.2,46.0,3.11,90,-21600,Northern Temperate
Kavaratti,10.57,72.64,82.92,80,82.92,82.92,14.12,79,19800,Tropic_Cancer
Saint-Joseph,43.56,6.97,56.19,47,51.01,60.8,19.46,0,3600,Northern Temperate
Salamiyah,35.01,37.05,59.34,37,59.34,59.34,1.59,0,7200,Northern Temperate
Balikpapan,-1.24,116.86,80.8,89,80.8,80.8,1.79,100,28800,Tropic_Capricorn
Santa Cruz,-6.22,-36.02,71.89,84,71.89,71.89,9.84,100,-10800,Tropic_Capricorn
Charters Towers,-20.07,146.27,82.4,49,82.4,82.4,15.19,0,36000,Tropic_Capricorn
Batticaloa,7.71,81.69,79.54,87,79.54,79.54,5.26,100,19800,Tropic_Cancer
Pandan,11.72,122.09,81.63,76,81.63,81.63,16.28,39,28800,Tropic_Cancer
Chimala,-8.86,34.02,58.78,92,58.78,58.78,3.76,100,10800,Tropic_Capricorn
Nelson Bay,-32.72,152.14,66.47,93,64.99,68.0,13.87,75,39600,Southern_Temperate
Katsuura,33.93,134.5,43.39,87,39.2,46.4,9.17,90,32400,Northern Temperate
Zhangye,38.94,100.46,34.09,20,34.09,34.09,1.77,0,28800,Northern Temperate
Deqing,30.54,119.97,50.65,87,50.0,52.0,4.47,75,28800,Northern Temperate
Huarmey,-10.07,-78.15,67.1,81,67.1,67.1,2.42,100,-18000,Tropic_Capricorn
Borogontsy,62.67,131.17,-35.27,97,-35.27,-35.27,2.13,100,32400,Northern Temperate
Tomatlan,19.93,-105.25,64.31,66,64.31,64.31,4.68,0,-21600,Tropic_Cancer
Nampicuan,15.73,120.64,87.8,48,87.8,87.8,2.24,40,28800,Tropic_Cancer
Saint-Marc,19.1,-72.7,65.46,91,65.46,65.46,4.61,0,-18000,Tropic_Cancer
Mandera,3.94,41.86,86.0,32,86.0,86.0,1.01,83,10800,Tropic_Cancer
Palmas,-10.18,-48.33,78.8,78,78.8,78.8,8.05,40,-10800,Tropic_Capricorn
Bilibino,68.06,166.44,-33.16,96,-33.16,-33.16,2.57,0,43200,Arctic
Tonala,20.62,-103.23,50.27,87,48.2,52.0,2.8,75,-21600,Tropic_Cancer
Barra Patuca,15.8,-84.28,77.9,86,77.9,77.9,18.54,6,-21600,Tropic_Cancer
Vardo,39.62,-77.74,19.96,100,14.0,26.01,3.13,1,-18000,Northern Temperate
Caravelas,-17.73,-39.27,72.81,89,72.81,72.81,6.96,57,-10800,Tropic_Capricorn
Tautira,-17.73,-149.15,80.29,78,80.01,80.6,15.35,75,-36000,Tropic_Capricorn
Iberia,-11.41,-69.49,71.58,99,71.58,71.58,2.06,100,-18000,Tropic_Capricorn
Pacific Grove,36.62,-121.92,51.4,70,45.0,57.2,21.97,1,-28800,Northern Temperate
Kununurra,-15.77,128.74,87.8,55,87.8,87.8,19.46,100,28800,Tropic_Capricorn
Namatanai,-3.66,152.44,83.91,75,83.91,83.91,8.32,100,36000,Tropic_Capricorn
Airai,-8.93,125.41,75.07,76,75.07,75.07,5.35,83,32400,Tropic_Capricorn
Havoysund,71.0,24.66,28.4,79,28.4,28.4,23.04,49,3600,Arctic
Dong Xoai,11.53,106.92,88.0,51,88.0,88.0,4.9,80,25200,Tropic_Cancer
Makakilo City,21.35,-158.09,75.11,64,75.0,75.2,5.82,1,-36000,Tropic_Cancer
Saint-Pierre,48.95,4.24,47.5,93,46.0,48.2,18.34,90,3600,Northern Temperate
San Carlos de Bariloche,-41.13,-71.31,39.2,80,39.2,39.2,3.36,85,-10800,Southern_Temperate
Forfar,56.64,-2.89,37.31,100,35.6,39.0,0.54,75,0,Northern Temperate
Cartagena,37.63,-1.0,64.44,45,61.0,66.0,11.41,0,3600,Northern Temperate
Along,28.17,94.8,57.58,83,57.58,57.58,3.69,68,19800,Northern Temperate
Kondopoga,62.21,34.27,32.0,95,32.0,32.0,2.24,100,10800,Northern Temperate
Broken Hill,-31.97,141.45,93.2,5,93.2,93.2,14.99,99,37800,Southern_Temperate
Rio Gallegos,-51.62,-69.22,53.6,46,53.6,53.6,11.41,96,-10800,Southern_Temperate
Shu,43.6,73.76,27.18,85,27.18,27.18,8.7,100,21600,Northern Temperate
Jonesboro,35.84,-90.7,40.19,93,37.0,44.6,8.05,40,-21600,Northern Temperate
Palu,-0.9,119.87,74.7,86,74.7,74.7,2.42,100,28800,Tropic_Capricorn
Komsomolskiy,67.55,63.78,0.27,97,0.27,0.27,6.87,89,10800,Arctic
Lancaster,40.04,-76.31,19.42,85,14.0,25.0,2.57,1,-18000,Northern Temperate
Palmer,-34.85,139.16,77.74,22,75.0,80.01,9.17,98,37800,Southern_Temperate
Qaqortoq,60.72,-46.03,35.6,31,35.6,35.6,17.22,40,-10800,Northern Temperate
Uralets,57.66,59.65,6.55,91,6.55,6.55,5.66,45,18000,Northern Temperate
Uvarovka,55.53,35.61,37.11,96,37.11,37.11,8.86,100,10800,Northern Temperate
Florianopolis,-27.6,-48.55,69.33,88,61.0,73.4,1.12,100,-10800,Southern_Temperate
Bella Vista,-27.03,-65.31,62.6,88,62.6,62.6,3.36,0,-10800,Southern_Temperate
Mossendjo,-2.95,12.72,84.9,60,84.9,84.9,2.06,91,3600,Tropic_Capricorn
Destin,30.39,-86.5,53.91,93,51.8,55.99,11.41,90,-21600,Northern Temperate
Sinop,42.03,35.15,53.6,76,53.6,53.6,2.24,75,10800,Northern Temperate
Camargo,27.69,-105.17,41.52,34,41.52,41.52,1.81,0,-25200,Northern Temperate
Esmeraldas,-19.76,-44.31,68.65,94,68.0,69.8,2.24,66,-10800,Tropic_Capricorn
Mayumba,-3.44,10.65,79.66,76,79.66,79.66,2.95,80,3600,Tropic_Capricorn
High Level,58.52,-117.13,3.2,84,3.2,3.2,6.93,90,-25200,Northern Temperate
San Quintin,17.54,120.52,78.03,79,78.03,78.03,4.41,75,28800,Tropic_Cancer
Metro,-5.11,105.31,83.77,77,83.77,83.77,10.71,100,25200,Tropic_Capricorn
Kulhudhuffushi,6.62,73.07,82.78,80,82.78,82.78,19.33,100,18000,Tropic_Cancer
Jiazi,19.61,110.49,71.6,88,71.6,71.6,6.71,75,28800,Tropic_Cancer
Ponta do Sol,-20.63,-46.0,66.42,94,66.42,66.42,2.33,74,-10800,Tropic_Capricorn
Seydi,13.34,7.75,69.8,21,69.8,69.8,16.11,20,3600,Tropic_Cancer
Antalya,36.9,30.69,59.0,72,59.0,59.0,5.82,75,10800,Northern Temperate
Haines Junction,60.75,-137.51,-3.87,97,-3.87,-3.87,2.44,100,-28800,Northern Temperate
Nouakchott,18.08,-15.98,62.6,20,62.6,62.6,9.17,100,0,Tropic_Cancer
Lipin Bor,60.26,37.97,33.58,95,33.58,33.58,8.37,100,10800,Northern Temperate
Kalmunai,7.42,81.82,81.54,82,81.54,81.54,16.75,61,19800,Tropic_Cancer
Ingham,-18.65,146.16,76.15,78,76.15,76.15,3.83,0,36000,Tropic_Capricorn
Sirtich,41.83,48.23,42.57,89,42.57,42.57,4.59,100,10800,Northern Temperate
Trairi,-3.28,-39.27,74.84,76,74.84,74.84,8.39,88,-10800,Tropic_Capricorn
Aleksandrovsk-Sakhalinskiy,50.9,142.16,5.54,71,5.54,5.54,12.77,30,39600,Northern Temperate
Mitsamiouli,-11.38,43.28,87.8,66,87.8,87.8,8.05,40,10800,Tropic_Capricorn
Haimen,31.87,121.18,52.39,67,51.01,54.0,3.33,100,28800,Northern Temperate
North Bend,43.41,-124.22,43.05,100,41.0,45.0,4.7,90,-28800,Northern Temperate
Rocha,-34.48,-54.34,58.57,80,58.57,58.57,13.91,99,-10800,Southern_Temperate
Meulaboh,4.14,96.13,82.69,75,82.69,82.69,11.05,78,25200,Tropic_Cancer
Tame,6.46,-71.72,71.47,84,71.47,71.47,4.65,41,-18000,Tropic_Cancer
Batemans Bay,-35.71,150.18,60.28,71,57.99,63.0,1.01,100,39600,Southern_Temperate
Vila Velha,-3.71,-38.6,82.26,69,80.01,86.0,13.87,75,-10800,Tropic_Capricorn
Diamantino,-14.4,-56.44,68.32,96,68.32,68.32,0.36,100,-14400,Tropic_Capricorn
Chimbote,-9.08,-78.59,66.43,87,66.43,66.43,2.42,99,-18000,Tropic_Capricorn
Aswan,24.09,32.9,64.4,31,64.4,64.4,10.29,0,7200,Northern Temperate
Klaksvik,62.23,-6.59,41.0,93,41.0,41.0,6.93,84,0,Northern Temperate
Shache,38.42,77.24,28.0,94,28.0,28.0,9.71,0,28800,Northern Temperate
Toamasina,-18.17,49.38,87.8,70,87.8,87.8,10.29,40,10800,Tropic_Capricorn
Conceicao do Araguaia,-8.26,-49.26,72.63,97,72.63,72.63,1.48,100,-10800,Tropic_Capricorn
Mabaruma,8.2,-59.78,70.56,99,70.56,70.56,1.41,45,-14400,Tropic_Cancer
Broome,52.47,1.45,45.48,100,44.01,46.99,10.29,75,0,Northern Temperate
Thiers,45.86,3.55,47.7,61,45.0,50.0,27.51,100,3600,Northern Temperate
Biak,-0.91,122.88,85.28,69,85.28,85.28,5.73,45,28800,Tropic_Capricorn
Langsa,4.47,97.97,85.39,60,85.39,85.39,7.29,52,25200,Tropic_Cancer
Ouargaye,11.5,0.06,82.56,10,82.56,82.56,17.29,0,0,Tropic_Cancer
Henties Bay,-22.12,14.28,66.0,84,66.0,66.0,5.01,33,7200,Tropic_Capricorn
Ayr,-19.58,147.4,80.01,78,80.01,80.01,5.01,0,36000,Tropic_Capricorn
Yumen,40.29,97.04,34.63,17,34.63,34.63,7.43,0,28800,Northern Temperate
Dongying,37.43,118.67,40.08,60,40.08,40.08,8.19,29,28800,Northern Temperate
Jhunjhunun,28.13,75.4,67.46,27,67.46,67.46,8.12,0,19800,Northern Temperate
Scarborough,54.28,-0.41,41.9,100,41.0,43.0,3.36,100,0,Northern Temperate
Cruzeiro do Sul,-7.63,-72.67,70.72,99,70.72,70.72,1.66,100,-18000,Tropic_Capricorn
Miri,10.31,9.75,76.68,13,76.68,76.68,7.9,76,3600,Tropic_Cancer
Mokhotlong,-29.29,29.06,68.07,38,68.07,68.07,9.95,94,7200,Southern_Temperate
Northampton,-28.35,114.63,77.0,65,77.0,77.0,23.04,40,28800,Southern_Temperate
Muromtsevo,56.37,75.24,19.71,95,19.71,19.71,4.18,100,21600,Northern Temperate
Teya,21.05,-89.07,74.16,94,73.4,75.0,4.7,75,-21600,Tropic_Cancer
Altamira,-3.2,-52.21,72.61,99,72.61,72.61,0.51,62,-10800,Tropic_Capricorn
Xinqing,48.28,129.53,-4.27,98,-4.27,-4.27,2.53,100,28800,Northern Temperate
Port Hedland,-20.31,118.58,89.6,66,89.6,89.6,20.8,83,28800,Tropic_Capricorn
Umm Kaddadah,13.6,26.69,76.53,25,76.53,76.53,16.15,0,7200,Tropic_Cancer
Tezu,27.93,96.16,68.04,56,68.04,68.04,2.77,84,19800,Northern Temperate
Okhotsk,59.36,143.24,-25.31,66,-25.31,-25.31,15.57,66,36000,Northern Temperate
Hakkari,61.34,23.75,35.01,100,33.8,36.0,9.17,90,7200,Northern Temperate
Ormara,25.21,64.64,72.5,36,72.5,72.5,6.08,0,18000,Northern Temperate
Oktyabrskoye,56.73,85.44,28.72,86,28.4,28.99,8.95,40,25200,Northern Temperate
Saposoa,-6.93,-76.77,64.85,98,64.85,64.85,2.08,100,-18000,Tropic_Capricorn
Sosnovo-Ozerskoye,52.53,111.54,-14.89,98,-14.89,-14.89,2.06,23,28800,Northern Temperate
Mogadishu,2.04,45.34,86.0,58,86.0,86.0,18.34,75,10800,Tropic_Cancer
Otaru,43.18,140.99,26.17,86,26.01,26.6,4.7,75,32400,Northern Temperate
Eldoret,0.52,35.27,69.8,56,69.8,69.8,10.29,75,10800,Tropic_Cancer
Sandane,61.77,6.22,34.43,79,27.0,41.0,2.24,48,3600,Northern Temperate
Coihaique,-45.58,-72.07,53.6,81,53.6,53.6,6.93,90,-10800,Southern_Temperate
Vrangel,42.73,133.08,25.34,44,25.34,25.34,5.12,0,36000,Northern Temperate
Saint-Georges,46.12,-70.67,7.97,89,5.0,10.99,1.01,100,-18000,Northern Temperate
Lata,30.78,78.62,25.59,31,25.59,25.59,6.46,0,19800,Northern Temperate
Leshukonskoye,64.9,45.76,32.18,97,32.18,32.18,9.91,100,10800,Northern Temperate
Belgaum,15.87,74.5,82.4,51,82.4,82.4,11.41,40,19800,Tropic_Cancer
Salalah,17.01,54.1,80.6,26,80.6,80.6,18.34,0,14400,Tropic_Cancer
Spring Valley,41.33,-89.2,32.92,90,30.0,37.0,8.05,1,-21600,Northern Temperate
Yumaguzino,52.9,56.39,5.11,94,5.11,5.11,3.22,35,18000,Northern Temperate
Kudahuvadhoo,2.67,72.89,83.34,78,83.34,83.34,12.26,100,18000,Tropic_Cancer
Husavik,50.56,-96.99,11.91,95,10.99,12.99,3.0,100,-21600,Northern Temperate
Manaus,-3.13,-59.98,77.0,100,77.0,77.0,3.36,75,-14400,Tropic_Capricorn
Villa Maria,4.5,-74.09,53.6,87,53.6,53.6,2.24,40,-18000,Tropic_Cancer
Vao,59.1,26.19,39.88,97,39.88,39.88,7.0,100,7200,Northern Temperate
Aksu,52.04,76.93,17.6,85,17.6,17.6,15.66,75,21600,Northern Temperate
Madang,35.32,102.79,31.89,35,31.89,31.89,0.87,0,28800,Northern Temperate
Quibor,9.93,-69.62,62.6,92,62.6,62.6,5.82,85,-14400,Tropic_Cancer
Sarh,9.14,18.39,90.25,12,90.25,90.25,6.91,0,3600,Tropic_Cancer
Hailey,43.52,-114.32,28.58,66,26.01,32.0,6.93,1,-25200,Northern Temperate
Dengzhou,32.69,112.08,54.84,49,54.84,54.84,5.93,0,28800,Northern Temperate
Yenagoa,4.92,6.26,88.23,53,88.23,88.23,3.49,21,3600,Tropic_Cancer
Muros,42.77,-9.06,57.97,93,53.6,62.01,20.8,75,3600,Northern Temperate
Ketchikan,55.34,-131.65,38.32,100,37.4,39.2,4.7,90,-32400,Northern Temperate
Tuatapere,-46.13,167.69,54.0,77,54.0,54.0,18.01,46,46800,Southern_Temperate
Morros,-2.87,-44.04,80.6,83,80.6,80.6,6.93,40,-10800,Tropic_Capricorn
Kajaani,64.22,27.73,32.0,91,32.0,32.0,4.7,75,7200,Northern Temperate
Synya,65.37,58.04,10.83,90,10.83,10.83,13.0,100,10800,Northern Temperate
Moosomin,50.14,-101.67,37.4,72,37.4,37.4,14.27,100,-21600,Northern Temperate
Khorinsk,52.16,109.78,-9.17,96,-9.17,-9.17,0.36,28,28800,Northern Temperate
Amol,36.47,52.35,57.87,53,57.87,57.87,2.19,100,12600,Northern Temperate
Cody,44.53,-109.06,34.27,26,27.0,42.8,12.75,1,-25200,Northern Temperate
Hasaki,35.73,140.83,45.66,93,45.0,46.4,13.87,75,32400,Northern Temperate
Tigil,57.8,158.67,1.81,96,1.81,1.81,6.22,97,43200,Northern Temperate
Nuuk,64.17,-51.74,21.2,85,21.2,21.2,9.17,100,-10800,Northern Temperate
Sisimiut,66.94,-53.67,4.77,61,4.77,4.77,4.72,23,-10800,Arctic
Pramanta,39.52,21.1,54.36,87,50.0,57.2,12.75,90,7200,Northern Temperate
Beloha,-25.17,45.06,100.58,26,100.58,100.58,1.9,0,10800,Southern_Temperate
Azangaro,-14.91,-70.2,42.55,87,42.55,42.55,2.93,100,-18000,Tropic_Capricorn
Saint Anthony,43.97,-111.68,22.71,79,21.0,24.8,6.93,1,-25200,Northern Temperate
Pivijay,10.46,-74.62,80.85,78,80.6,81.0,11.41,100,-18000,Tropic_Cancer
Farrukhnagar,28.45,76.82,58.24,87,55.4,61.0,9.17,40,19800,Northern Temperate
Bystryy Istok,52.37,84.39,25.47,84,25.47,25.47,4.85,91,25200,Northern Temperate
Khambhat,22.32,72.62,82.4,48,82.4,82.4,5.82,0,19800,Tropic_Cancer
Port Shepstone,-30.74,30.45,70.86,77,70.86,70.86,10.07,100,7200,Southern_Temperate
Kuandian,40.73,124.78,27.19,90,27.19,27.19,6.02,100,28800,Northern Temperate
Neosho,43.31,-88.52,36.28,93,33.01,39.2,8.05,1,-21600,Northern Temperate
Tutoia,-2.76,-42.27,76.59,78,76.59,76.59,8.43,54,-10800,Tropic_Capricorn
Taltal,-25.41,-70.49,55.83,92,55.83,55.83,5.01,55,-10800,Southern_Temperate
Necochea,-38.55,-58.74,46.0,87,39.99,55.0,1.99,0,-10800,Southern_Temperate
Cockburn Town,21.46,-71.14,78.67,75,78.67,78.67,15.14,5,-18000,Tropic_Cancer
Surt,31.21,16.59,65.91,20,65.91,65.91,16.64,0,7200,Northern Temperate
Nicoya,10.15,-85.45,73.0,1,73.0,73.0,5.19,100,-21600,Tropic_Cancer
Rayong,12.68,101.28,92.46,66,84.2,97.0,10.29,40,25200,Tropic_Cancer
Adrar,27.87,-0.29,51.8,40,51.8,51.8,5.82,0,3600,Northern Temperate
Mehamn,71.03,27.85,26.47,81,26.47,26.47,3.0,100,3600,Arctic
Korgen,66.08,13.83,33.8,74,33.8,33.8,11.41,100,3600,Arctic
Zdvinsk,54.7,78.67,18.91,94,18.91,18.91,8.28,98,25200,Northern Temperate
Deputatskiy,69.3,139.9,-24.29,97,-24.29,-24.29,7.23,75,36000,Arctic
Gizo,31.8,34.94,64.69,48,62.01,66.2,2.24,0,7200,Northern Temperate
San Cristobal,14.68,-86.92,60.53,98,60.53,60.53,2.89,90,-21600,Tropic_Cancer
Valdivia,-39.81,-73.25,41.0,100,41.0,41.0,2.37,80,-10800,Southern_Temperate
Havre-Saint-Pierre,50.23,-63.6,6.8,84,6.8,6.8,8.05,1,-18000,Northern Temperate
Tirano,46.22,10.17,36.97,100,24.8,45.0,1.12,40,3600,Northern Temperate
Kuala Terengganu,5.33,103.14,84.07,74,84.0,84.2,5.82,40,28800,Tropic_Cancer
Peterhead,-34.83,138.5,77.61,22,75.0,80.01,9.17,99,37800,Southern_Temperate
Cumberland,41.97,-71.43,26.01,100,19.99,32.0,5.61,1,-18000,Northern Temperate
Mahibadhoo,3.78,72.97,82.56,82,82.56,82.56,16.55,100,18000,Tropic_Cancer
Galesburg,40.95,-90.37,34.09,90,32.0,37.0,4.7,1,-21600,Northern Temperate
Gamba,28.28,88.52,29.26,15,29.26,29.26,10.67,0,28800,Northern Temperate
Mangrol,25.33,76.51,74.46,33,74.46,74.46,7.85,0,19800,Northern Temperate
Paramonga,-10.68,-77.82,66.45,93,66.45,66.45,8.95,100,-18000,Tropic_Capricorn
Lircay,-12.99,-74.72,46.99,89,46.99,46.99,2.93,100,-18000,Tropic_Capricorn
Beira,43.2,-8.36,56.86,87,53.01,60.01,18.34,40,3600,Northern Temperate
Scottsbluff,41.87,-103.67,31.48,86,25.0,39.2,4.7,1,-25200,Northern Temperate
Jackville,5.21,-4.42,82.4,83,82.4,82.4,3.36,20,0,Tropic_Cancer
Palimbang,14.9,120.78,86.13,48,84.99,87.8,2.24,40,28800,Tropic_Cancer
Baglung,28.27,83.59,47.59,42,47.59,47.59,6.13,8,20700,Northern Temperate
Constitucion,23.99,-104.67,44.01,81,44.01,44.01,4.59,0,-21600,Northern Temperate
Lishui,28.45,119.91,48.11,88,48.11,48.11,4.29,92,28800,Northern Temperate
Asyut,27.18,31.19,50.0,81,50.0,50.0,9.17,2,7200,Northern Temperate
Jiaocheng,24.68,116.14,66.9,60,66.9,66.9,2.8,10,28800,Northern Temperate
Raymond,49.47,-112.67,28.22,92,28.0,28.4,4.7,1,-25200,Northern Temperate
Rock Sound,24.9,-76.2,74.05,79,74.05,74.05,16.67,100,-18000,Northern Temperate
Bonavista,48.65,-53.11,24.01,80,24.01,24.01,13.0,100,-12600,Northern Temperate
San Patricio,-26.98,-56.83,57.67,93,57.67,57.67,4.16,0,-10800,Southern_Temperate
Copiapo,-27.37,-70.33,57.2,87,57.2,57.2,3.36,20,-10800,Southern_Temperate
Galle,10.08,-12.83,76.57,33,76.57,76.57,1.9,0,0,Tropic_Cancer
Ewa Beach,21.32,-158.01,75.11,64,75.0,75.2,5.82,1,-36000,Tropic_Cancer
Dapaong,10.86,0.2,82.13,11,82.13,82.13,19.13,28,0,Tropic_Cancer
Lamu,35.77,102.37,29.08,27,29.08,29.08,3.96,0,28800,Northern Temperate
Kropotkin,45.43,40.58,50.99,46,50.99,50.99,7.72,0,10800,Northern Temperate
Chirongui,-12.93,45.15,87.8,74,87.8,87.8,8.05,28,10800,Tropic_Capricorn
